date,temperature,humidity,wind_speed,traffic_index,pm2_5
2023-01-01,15.2,88,3.0,51,77
2023-01-02,16.0,85,4.4,47,68
2023-01-03,19.4,86,3.6,61,87
2023-01-04,17.7,85,4.7,63,76
2023-01-05,15.7,73,2.1,76,91
2023-01-06,17.6,72,3.6,74,95
2023-01-07,18.2,86,4.7,70,74
2023-01-08,19.0,75,2.6,73,90
2023-01-09,17.9,72,3.7,54,76
2023-01-10,18.5,70,4.4,82,73
2023-01-11,19.7,75,4.1,72,75
2023-01-12,18.2,75,3.1,79,95
2023-01-13,20.9,70,2.0,69,85
2023-01-14,20.4,71,2.5,82,84
2023-01-15,18.8,71,3.2,66,90
2023-01-16,20.2,67,5.8,77,73
2023-01-17,18.3,75,4.8,66,76
2023-01-18,24.2,78,4.4,51,66
2023-01-19,18.6,67,4.0,71,75
2023-01-20,22.3,70,3.4,52,66
2023-01-21,18.9,67,4.8,60,60
2023-01-22,26.3,74,2.9,43,74
2023-01-23,21.2,65,2.3,65,79
2023-01-24,24.2,63,2.4,61,68
2023-01-25,22.8,64,3.6,61,78
2023-01-26,25.4,66,4.9,60,64
2023-01-27,21.1,70,5.6,42,72
2023-01-28,24.7,68,4.9,59,75
2023-01-29,22.1,61,3.7,30,56
2023-01-30,23.3,64,3.7,46,78
2023-01-31,25.4,55,2.8,28,54
2023-02-01,26.8,56,2.0,53,82
2023-02-02,25.1,65,3.2,30,62
2023-02-03,26.8,65,3.5,26,48
2023-02-04,23.3,63,5.1,43,48
2023-02-05,24.0,57,4.8,31,58
2023-02-06,23.4,57,4.1,44,62
2023-02-07,25.3,54,4.5,57,67
2023-02-08,23.9,60,3.9,32,51
2023-02-09,27.9,47,3.3,34,58
2023-02-10,28.3,44,4.5,58,75
2023-02-11,28.7,45,3.5,46,53
2023-02-12,27.7,57,4.1,58,68
2023-02-13,24.8,45,2.6,62,73
2023-02-14,28.0,45,2.4,57,61
2023-02-15,23.7,48,4.6,67,69
2023-02-16,25.1,39,3.6,58,68
2023-02-17,25.8,43,3.4,54,57
2023-02-18,26.0,47,2.8,78,88
2023-02-19,28.6,45,5.0,50,64
2023-02-20,26.1,47,5.8,80,78
2023-02-21,27.5,41,5.4,64,64
2023-02-22,30.1,47,2.2,67,76
2023-02-23,28.1,46,2.9,73,81
2023-02-24,23.9,49,2.4,67,86
2023-02-25,24.6,41,4.0,84,91
2023-02-26,23.0,47,2.7,60,78
2023-02-27,22.5,37,2.2,83,88
2023-02-28,28.0,46,2.3,61,77
2023-03-01,25.6,43,2.4,75,76
2023-03-02,24.2,32,5.8,62,51
2023-03-03,22.7,41,3.1,79,88
2023-03-04,28.7,39,5.8,63,59
2023-03-05,22.2,43,4.8,75,60
2023-03-06,28.3,44,5.3,47,54
2023-03-07,26.3,45,2.3,62,73
2023-03-08,27.8,47,5.9,63,64
2023-03-09,21.5,45,3.8,47,70
2023-03-10,25.5,46,2.0,37,74
2023-03-11,27.5,41,3.1,48,67
2023-03-12,23.4,48,4.6,60,69
2023-03-13,23.3,42,3.4,35,57
2023-03-14,21.7,36,5.9,36,52
2023-03-15,25.3,43,3.9,39,48
2023-03-16,20.8,37,4.3,52,72
2023-03-17,20.5,38,5.1,55,67
2023-03-18,24.8,36,3.8,40,57
2023-03-19,20.0,38,4.4,34,57
2023-03-20,21.9,46,3.9,41,54
2023-03-21,22.7,39,2.7,32,57
2023-03-22,19.2,48,4.9,43,68
2023-03-23,22.9,40,5.0,38,54
2023-03-24,19.3,42,2.9,32,50
2023-03-25,20.7,53,5.8,37,52
2023-03-26,16.0,58,5.7,52,72
2023-03-27,19.3,44,2.4,38,66
2023-03-28,18.1,45,3.9,57,77
2023-03-29,15.3,52,5.7,41,59
2023-03-30,19.8,47,2.7,60,82
2023-03-31,15.3,54,3.8,52,57
2023-04-01,18.3,53,5.6,71,68
2023-04-02,19.0,57,3.0,54,73
2023-04-03,17.8,64,5.9,60,73
2023-04-04,11.7,55,5.0,67,69
2023-04-05,13.8,66,2.8,66,83
2023-04-06,11.0,63,2.4,73,81
2023-04-07,12.0,67,4.8,70,87
2023-04-08,10.1,57,4.1,61,81
2023-04-09,15.2,56,5.3,77,64
2023-04-10,14.8,64,4.5,60,63
2023-04-11,15.2,72,2.9,63,86
2023-04-12,15.8,66,2.4,61,83
2023-04-13,10.0,74,3.2,74,83
2023-04-14,10.6,70,5.8,60,78
2023-04-15,13.1,69,4.3,80,77
2023-04-16,14.2,77,4.6,79,72
2023-04-17,14.0,64,3.5,53,61
2023-04-18,6.8,70,3.2,57,85
2023-04-19,9.7,73,4.3,65,79
2023-04-20,5.5,73,5.3,56,57
2023-04-21,5.6,73,2.3,54,84
2023-04-22,6.9,70,2.2,67,83
2023-04-23,10.8,69,5.5,39,53
2023-04-24,8.7,77,5.5,60,72
2023-04-25,4.6,69,4.5,54,73
2023-04-26,3.5,83,5.2,60,65
2023-04-27,6.6,76,4.2,36,59
2023-04-28,5.3,79,4.1,43,66
2023-04-29,9.5,76,3.3,27,61
2023-04-30,9.2,71,4.9,49,73
2023-05-01,4.2,77,2.3,33,68
2023-05-02,8.5,72,5.5,34,61
2023-05-03,5.3,73,2.1,44,83
2023-05-04,6.2,79,3.2,52,73
2023-05-05,7.4,80,2.5,48,78
2023-05-06,3.6,74,3.8,30,61
2023-05-07,2.1,77,5.3,45,72
2023-05-08,3.2,72,2.5,58,75
2023-05-09,4.9,74,5.4,35,66
2023-05-10,0.5,81,3.6,45,77
2023-05-11,0.5,85,3.5,41,64
2023-05-12,7.3,83,2.1,45,69
2023-05-13,3.4,76,5.4,63,75
2023-05-14,7.0,72,5.6,54,66
2023-05-15,6.4,75,4.6,72,75
2023-05-16,4.6,81,5.3,69,86
2023-05-17,0.0,83,3.4,51,90
2023-05-18,2.8,74,4.1,80,74
2023-05-19,3.3,79,3.3,74,87
2023-05-20,5.4,75,4.7,60,84
2023-05-21,6.4,81,2.2,79,90
2023-05-22,6.3,73,4.8,77,92
2023-05-23,6.1,81,4.6,67,75
2023-05-24,2.9,79,5.8,57,76
2023-05-25,5.8,73,2.5,60,81
2023-05-26,1.9,65,4.3,67,71
2023-05-27,5.0,68,4.7,55,63
2023-05-28,7.1,72,3.6,79,90
2023-05-29,4.2,75,3.3,53,80
2023-05-30,5.8,67,5.6,66,69
2023-05-31,3.6,62,4.4,62,72
2023-06-01,1.5,61,5.7,60,57
2023-06-02,1.9,59,3.4,63,87
2023-06-03,3.4,68,4.5,72,81
2023-06-04,4.4,61,2.1,45,72
2023-06-05,3.3,69,5.6,42,68
2023-06-06,6.7,63,5.0,64,70
2023-06-07,6.0,68,3.3,43,79
2023-06-08,8.2,54,5.1,51,64
2023-06-09,6.5,61,2.1,37,77
2023-06-10,5.5,56,3.1,47,62
2023-06-11,4.7,53,6.0,41,52
2023-06-12,3.9,54,5.0,30,55
2023-06-13,3.4,50,3.7,35,52
2023-06-14,10.1,51,5.4,50,70
2023-06-15,5.9,47,2.8,43,54
2023-06-16,8.8,45,3.2,53,56
2023-06-17,8.2,54,2.6,42,70
2023-06-18,10.9,47,4.2,52,76
2023-06-19,5.8,46,5.3,28,38
2023-06-20,4.1,47,2.4,29,53
2023-06-21,9.4,43,5.1,55,69
2023-06-22,11.8,50,5.4,35,57
2023-06-23,8.5,47,2.5,45,68
2023-06-24,7.0,38,5.5,39,47
2023-06-25,9.6,41,4.6,53,49
2023-06-26,7.5,42,3.5,45,52
2023-06-27,9.3,35,2.1,67,84
2023-06-28,11.3,50,2.4,52,82
2023-06-29,14.2,47,5.5,69,60
2023-06-30,10.4,34,4.8,51,57
2023-07-01,9.9,38,5.0,62,73
2023-07-02,11.9,36,4.2,58,68
2023-07-03,15.3,35,4.3,73,79
2023-07-04,16.2,38,3.9,66,76
2023-07-05,17.2,42,5.2,73,76
2023-07-06,17.9,40,2.8,80,73
2023-07-07,16.7,42,3.8,78,87
2023-07-08,10.9,45,3.2,72,71
2023-07-09,13.0,38,4.2,67,72
2023-07-10,13.0,41,4.9,70,62
2023-07-11,19.4,32,4.0,53,66
2023-07-12,17.1,33,3.2,74,84
2023-07-13,13.8,43,4.4,50,66
2023-07-14,15.5,48,5.0,64,55
2023-07-15,20.6,48,4.3,61,69
2023-07-16,21.7,39,2.6,67,64
2023-07-17,17.6,47,3.8,50,53
2023-07-18,14.8,38,4.7,66,78
2023-07-19,20.6,44,3.0,60,63
