station_id,hour,net_demand
S01,0,3
S01,1,3
S01,2,-3
S01,3,5
S01,4,2
S01,5,3
S01,6,-3
S01,7,-5
S01,8,-2
S01,9,-5
S01,10,1
S01,11,3
S01,12,1
S01,13,3
S01,14,-3
S01,15,4
S01,16,2
S01,17,-3
S01,18,-2
S01,19,5
S01,20,1
S01,21,-2
S01,22,-5
S01,23,-4
S02,0,3
S02,1,-4
S02,2,3
S02,3,0
S02,4,1
S02,5,2
S02,6,-2
S02,7,1
S02,8,1
S02,9,-1
S02,10,4
S02,11,-4
S02,12,4
S02,13,-1
S02,14,0
S02,15,-4
S02,16,-4
S02,17,2
S02,18,0
S02,19,-5
S02,20,3
S02,21,5
S02,22,5
S02,23,-2
S03,0,4
S03,1,-2
S03,2,1
S03,3,-2
S03,4,3
S03,5,4
S03,6,2
S03,7,-2
S03,8,1
S03,9,8
S03,10,-2
S03,11,-4
S03,12,3
S03,13,0
S03,14,-4
S03,15,4
S03,16,5
S03,17,4
S03,18,-1
S03,19,7
S03,20,3
S03,21,-3
S03,22,-4
S03,23,-2
S04,0,-1
S04,1,-2
S04,2,-4
S04,3,0
S04,4,-2
S04,5,1
S04,6,-2
S04,7,-6
S04,8,0
S04,9,-7
S04,10,-3
S04,11,-1
S04,12,3
S04,13,4
S04,14,-4
S04,15,1
S04,16,-3
S04,17,5
S04,18,5
S04,19,7
S04,20,-4
S04,21,-3
S04,22,1
S04,23,2
S05,0,-4
S05,1,2
S05,2,-4
S05,3,-2
S05,4,0
S05,5,-2
S05,6,5
S05,7,2
S05,8,-5
S05,9,6
S05,10,1
S05,11,5
S05,12,-4
S05,13,-3
S05,14,2
S05,15,-4
S05,16,-5
S05,17,-3
S05,18,-7
S05,19,3
S05,20,-3
S05,21,2
S05,22,1
S05,23,-4
S06,0,-5
S06,1,-2
S06,2,-1
S06,3,-2
S06,4,1
S06,5,0
S06,6,1
S06,7,4
S06,8,1
S06,9,-7
S06,10,1
S06,11,-4
S06,12,-1
S06,13,-5
S06,14,0
S06,15,2
S06,16,-2
S06,17,-5
S06,18,-4
S06,19,-1
S06,20,3
S06,21,4
S06,22,2
S06,23,0
S07,0,3
S07,1,-5
S07,2,-3
S07,3,-3
S07,4,-3
S07,5,-2
S07,6,1
S07,7,2
S07,8,-1
S07,9,-8
S07,10,5
S07,11,4
S07,12,5
S07,13,3
S07,14,4
S07,15,-4
S07,16,-1
S07,17,-5
S07,18,-4
S07,19,-6
S07,20,-4
S07,21,2
S07,22,-2
S07,23,2
S08,0,-3
S08,1,0
S08,2,-3
S08,3,3
S08,4,2
S08,5,-3
S08,6,-3
S08,7,-7
S08,8,5
S08,9,-2
S08,10,5
S08,11,-2
S08,12,5
S08,13,-1
S08,14,-4
S08,15,5
S08,16,2
S08,17,1
S08,18,-2
S08,19,-5
S08,20,1
S08,21,2
S08,22,0
S08,23,0
S09,0,-3
S09,1,0
S09,2,-1
S09,3,-2
S09,4,5
S09,5,2
S09,6,0
S09,7,0
S09,8,-5
S09,9,-2
S09,10,0
S09,11,-3
S09,12,3
S09,13,3
S09,14,-1
S09,15,2
S09,16,3
S09,17,-5
S09,18,-4
S09,19,-4
S09,20,5
S09,21,-2
S09,22,-1
S09,23,3
S10,0,1
S10,1,-3
S10,2,1
S10,3,-3
S10,4,-3
S10,5,-2
S10,6,-4
S10,7,7
S10,8,2
S10,9,7
S10,10,0
S10,11,-4
S10,12,4
S10,13,-4
S10,14,0
S10,15,2
S10,16,3
S10,17,-4
S10,18,-2
S10,19,-2
S10,20,-1
S10,21,3
S10,22,-5
S10,23,-3
S11,0,-5
S11,1,3
S11,2,-2
S11,3,0
S11,4,-2
S11,5,1
S11,6,2
S11,7,-2
S11,8,1
S11,9,4
S11,10,2
S11,11,-3
S11,12,0
S11,13,-5
S11,14,-4
S11,15,-4
S11,16,3
S11,17,-2
S11,18,5
S11,19,2
S11,20,1
S11,21,0
S11,22,0
S11,23,1
S12,0,1
S12,1,2
S12,2,4
S12,3,3
S12,4,1
S12,5,-4
S12,6,0
S12,7,3
S12,8,-2
S12,9,-8
S12,10,2
S12,11,-2
S12,12,-3
S12,13,2
S12,14,2
S12,15,1
S12,16,-2
S12,17,5
S12,18,2
S12,19,-1
S12,20,1
S12,21,3
S12,22,0
S12,23,-5
